{"1":{"x":-55.346771240234,"z":223.56369018555,"zone":238,"rot":176,"y":-4.9753532409668}}