{"3":{"rot":7,"zone":174,"x":26.66649055481,"y":-13.746030807495,"z":264.89065551758},"2":{"rot":213,"x":-221.37623596191,"y":0.60000002384186,"zone":123,"z":399.06475830078},"1":{"rot":16,"x":16.424980163574,"zone":234,"y":0,"z":-111.41896057129}}