{"1":{"y":-5,"z":-26.663698196411,"zone":241,"rot":255,"x":104.13042449951}}