{"2":{"x":-8.7583322525024,"z":118.00996398926,"zone":243,"rot":129,"y":3.0999999046326},"10":{"x":117.31610870361,"z":-71.834442138672,"zone":234,"rot":4,"y":0.99435698986053},"3":{"x":-341.90606689453,"z":146.53695678711,"zone":173,"rot":77,"y":-5.4712843894958},"1":{"x":-5.6058125495911,"z":-120.49784851074,"zone":234,"rot":65,"y":-1.0008300542831}}